column,row,id,common_crops
1,1,1,
1,2,2,
1,3,3,
1,4,4,
1,5,5,
1,6,6,
1,7,7,
1,8,8,
1,9,9,
1,10,10,
1,11,11,
1,12,12,
1,13,13,
1,14,14,
1,15,15,
1,16,16,
1,17,17,
1,18,18,
1,19,19,
1,20,20,
1,21,21,
1,22,22,
1,23,23,
1,24,24,
1,25,25,
1,26,26,
1,27,27,
1,28,28,
1,29,29,
1,30,30,
1,31,31,
1,32,32,
1,33,33,
1,34,34,
1,35,35,
2,1,36,
2,2,37,
2,3,38,
2,4,39,
2,5,40,
2,6,41,
2,7,42,
2,8,43,
2,9,44,
2,10,45,
2,11,46,
2,12,47,
2,13,48,
2,14,49,
2,15,50,
2,16,51,
2,17,52,
2,18,53,
2,19,54,
2,20,55,
2,21,56,
2,22,57,
2,23,58,
2,24,59,
2,25,60,
2,26,61,
2,27,62,
2,28,63,
2,29,64,
2,30,65,
2,31,66,
2,32,67,
2,33,68,
2,34,69,
2,35,70,
3,1,71,
3,2,72,
3,3,73,
3,4,74,
3,5,75,
3,6,76,
3,7,77,
3,8,78,
3,9,79,
3,10,80,
3,11,81,
3,12,82,
3,13,83,
3,14,84,
3,15,85,
3,16,86,
3,17,87,
3,18,88,
3,19,89,
3,20,90,
3,21,91,
3,22,92,
3,23,93,
3,24,94,
3,25,95,
3,26,96,
3,27,97,
3,28,98,
3,29,99,
3,30,100,
3,31,101,
3,32,102,
3,33,103,
3,34,104,
3,35,105,
4,1,106,
4,2,107,
4,3,108,
4,4,109,
4,5,110,
4,6,111,
4,7,112,
4,8,113,
4,9,114,
4,10,115,
4,11,116,
4,12,117,
4,13,118,
4,14,119,
4,15,120,
4,16,121,
4,17,122,
4,18,123,
4,19,124,
4,20,125,
4,21,126,
4,22,127,
4,23,128,
4,24,129,
4,25,130,
4,26,131,
4,27,132,
4,28,133,
4,29,134,
4,30,135,
4,31,136,
4,32,137,
4,33,138,
4,34,139,
4,35,140,
5,1,141,
5,2,142,
5,3,143,
5,4,144,
5,5,145,
5,6,146,
5,7,147,
5,8,148,
5,9,149,
5,10,150,
5,11,151,
5,12,152,
5,13,153,
5,14,154,
5,15,155,
5,16,156,
5,17,157,
5,18,158,
5,19,159,
5,20,160,
5,21,161,
5,22,162,
5,23,163,
5,24,164,
5,25,165,
5,26,166,
5,27,167,
5,28,168,
5,29,169,
5,30,170,
5,31,171,
5,32,172,
5,33,173,
5,34,174,
5,35,175,
6,1,176,
6,2,177,
6,3,178,
6,4,179,
6,5,180,
6,6,181,
6,7,182,
6,8,183,
6,9,184,
6,10,185,
6,11,186,
6,12,187,
6,13,188,
6,14,189,
6,15,190,
6,16,191,
6,17,192,
6,18,193,
6,19,194,
6,20,195,
6,21,196,
6,22,197,
6,23,198,
6,24,199,
6,25,200,
6,26,201,
6,27,202,
6,28,203,
6,29,204,
6,30,205,
6,31,206,
6,32,207,
6,33,208,
6,34,209,
6,35,210,
7,1,211,
7,2,212,
7,3,213,
7,4,214,
7,5,215,
7,6,216,
7,7,217,
7,8,218,
7,9,219,
7,10,220,
7,11,221,
7,12,222,
7,13,223,
7,14,224,
7,15,225,
7,16,226,
7,17,227,
7,18,228,
7,19,229,
7,20,230,
7,21,231,
7,22,232,
7,23,233,
7,24,234,
7,25,235,
7,26,236,
7,27,237,
7,28,238,
7,29,239,
7,30,240,
7,31,241,
7,32,242,
7,33,243,
7,34,244,
7,35,245,
8,1,246,
8,2,247,
8,3,248,
8,4,249,
8,5,250,
8,6,251,
8,7,252,
8,8,253,
8,9,254,
8,10,255,
8,11,256,
8,12,257,
8,13,258,
8,14,259,
8,15,260,
8,16,261,
8,17,262,
8,18,263,
8,19,264,
8,20,265,
8,21,266,
8,22,267,
8,23,268,
8,24,269,
8,25,270,
8,26,271,
8,27,272,
8,28,273,
8,29,274,
8,30,275,
8,31,276,
8,32,277,
8,33,278,
8,34,279,
8,35,280,
9,1,281,
9,2,282,
9,3,283,
9,4,284,
9,5,285,
9,6,286,
9,7,287,
9,8,288,
9,9,289,
9,10,290,
9,11,291,
9,12,292,
9,13,293,
9,14,294,
9,15,295,
9,16,296,
9,17,297,
9,18,298,
9,19,299,
9,20,300,
9,21,301,"banana, mustard"
9,22,302,"banana, mustard"
9,23,303,"banana, mustard"
9,24,304,"banana, mustard"
9,25,305,banana
9,26,306,
9,27,307,
9,28,308,
9,29,309,mustard
9,30,310,
9,31,311,
9,32,312,
9,33,313,
9,34,314,
9,35,315,
10,1,316,
10,2,317,
10,3,318,
10,4,319,
10,5,320,
10,6,321,
10,7,322,
10,8,323,
10,9,324,
10,10,325,
10,11,326,
10,12,327,
10,13,328,
10,14,329,
10,15,330,
10,16,331,
10,17,332,
10,18,333,
10,19,334,
10,20,335,
10,21,336,garlic
10,22,337,"banana, garlic, onion"
10,23,338,"banana, mustard"
10,24,339,"banana, mustard"
10,25,340,banana
10,26,341,
10,27,342,
10,28,343,
10,29,344,"cabbage, cauliflower, garlic, lentil"
10,30,345,mustard
10,31,346,
10,32,347,
10,33,348,
10,34,349,
10,35,350,
11,1,351,
11,2,352,
11,3,353,
11,4,354,
11,5,355,
11,6,356,
11,7,357,
11,8,358,
11,9,359,
11,10,360,
11,11,361,
11,12,362,
11,13,363,
11,14,364,
11,15,365,
11,16,366,
11,17,367,
11,18,368,
11,19,369,
11,20,370,
11,21,371,"banana, mustard"
11,22,372,"banana, mustard"
11,23,373,"banana, mustard"
11,24,374,"banana, mustard"
11,25,375,mustard
11,26,376,
11,27,377,
11,28,378,"banana, chickpea, lentil"
11,29,379,"cabbage, cauliflower, garlic, lentil"
11,30,380,"cabbage, cauliflower, garlic, lentil"
11,31,381,"lentil, blackgram, chickpea"
11,32,382,chickpea
11,33,383,
11,34,384,
11,35,385,
12,1,386,
12,2,387,
12,3,388,
12,4,389,
12,5,390,
12,6,391,
12,7,392,
12,8,393,
12,9,394,
12,10,395,
12,11,396,
12,12,397,
12,13,398,
12,14,399,
12,15,400,
12,16,401,
12,17,402,
12,18,403,
12,19,404,"banana, mustard"
12,20,405,"banana, mustard"
12,21,406,"banana, mustard"
12,22,407,mustard
12,23,408,mustard
12,24,409,"banana, mustard"
12,25,410,"banana, mustard"
12,26,411,"banana, mustard"
12,27,412,"cabbage, cauliflower, garlic, lentil"
12,28,413,"cabbage, cauliflower, garlic, lentil"
12,29,414,"cabbage, cauliflower, garlic, lentil"
12,30,415,"cabbage, cauliflower, garlic, lentil"
12,31,416,"lentil, blackgram, chickpea"
12,32,417,mustard
12,33,418,
12,34,419,
12,35,420,
13,1,421,
13,2,422,
13,3,423,
13,4,424,
13,5,425,
13,6,426,
13,7,427,
13,8,428,
13,9,429,
13,10,430,
13,11,431,
13,12,432,
13,13,433,
13,14,434,
13,15,435,
13,16,436,
13,17,437,
13,18,438,"cabbage, cauliflower, garlic, lentil"
13,19,439,"banana, mustard"
13,20,440,"banana, mustard"
13,21,441,"banana, mustard"
13,22,442,"banana, garlic, onion"
13,23,443,"banana, mustard"
13,24,444,"banana, mustard"
13,25,445,"banana, mustard"
13,26,446,"banana, mustard"
13,27,447,"banana, mustard"
13,28,448,"cabbage, cauliflower, garlic, lentil"
13,29,449,"cabbage, cauliflower, garlic, lentil"
13,30,450,mustard
13,31,451,
13,32,452,
13,33,453,
13,34,454,
13,35,455,
14,1,456,
14,2,457,
14,3,458,
14,4,459,
14,5,460,
14,6,461,
14,7,462,
14,8,463,
14,9,464,"banana, mustard"
14,10,465,mustard
14,11,466,
14,12,467,
14,13,468,
14,14,469,"cabbage, cauliflower, garlic, lentil"
14,15,470,
14,16,471,
14,17,472,
14,18,473,"cabbage, cauliflower, garlic, lentil"
14,19,474,"cabbage, cauliflower, garlic, lentil"
14,20,475,"cabbage, cauliflower, garlic, lentil"
14,21,476,"banana, garlic, onion"
14,22,477,"banana, mustard"
14,23,478,"banana, mustard"
14,24,479,"banana, mustard"
14,25,480,"banana, mustard"
14,26,481,"banana, mustard"
14,27,482,"banana, mustard"
14,28,483,"cabbage, cauliflower, garlic, lentil"
14,29,484,"cabbage, cauliflower, garlic, lentil"
14,30,485,"cabbage, cauliflower, garlic, lentil"
14,31,486,
14,32,487,
14,33,488,
14,34,489,
14,35,490,
15,1,491,
15,2,492,
15,3,493,
15,4,494,
15,5,495,
15,6,496,
15,7,497,
15,8,498,"cabbage, cauliflower, garlic, lentil"
15,9,499,"cabbage, cauliflower, garlic, lentil"
15,10,500,"cabbage, cauliflower, garlic, lentil"
15,11,501,"cabbage, cauliflower, garlic, lentil"
15,12,502,"cabbage, cauliflower, garlic, lentil"
15,13,503,"cabbage, cauliflower, garlic, lentil"
15,14,504,"cabbage, cauliflower, garlic, lentil"
15,15,505,mustard
15,16,506,"chickpea, groundnut, mustard, potato"
15,17,507,"chickpea, groundnut, mustard, potato"
15,18,508,"chickpea, groundnut, mustard, potato"
15,19,509,"cabbage, cauliflower, garlic, lentil"
15,20,510,"cabbage, cauliflower, garlic, lentil"
15,21,511,"cabbage, cauliflower, garlic, lentil"
15,22,512,"cabbage, cauliflower, garlic, lentil"
15,23,513,"cabbage, cauliflower, garlic, lentil"
15,24,514,"banana, mustard"
15,25,515,"banana, mustard"
15,26,516,"banana, mustard"
15,27,517,"banana, mustard"
15,28,518,"lentil, blackgram, chickpea"
15,29,519,"cabbage, cauliflower, garlic, lentil"
15,30,520,"lentil, blackgram, chickpea"
15,31,521,
15,32,522,
15,33,523,
15,34,524,
15,35,525,
16,1,526,
16,2,527,
16,3,528,
16,4,529,
16,5,530,
16,6,531,
16,7,532,
16,8,533,"cabbage, cauliflower, garlic, lentil"
16,9,534,"cabbage, cauliflower, garlic, lentil"
16,10,535,"cabbage, cauliflower, garlic, lentil"
16,11,536,"cabbage, cauliflower, garlic, lentil"
16,12,537,"cabbage, cauliflower, garlic, lentil"
16,13,538,"cabbage, cauliflower, garlic, lentil"
16,14,539,mustard
16,15,540,"chickpea, groundnut, mustard, potato"
16,16,541,"chickpea, groundnut, mustard, potato"
16,17,542,"chickpea, groundnut, mustard, potato"
16,18,543,"chickpea, groundnut, mustard, potato"
16,19,544,mustard
16,20,545,mustard
16,21,546,mustard
16,22,547,mustard
16,23,548,mustard
16,24,549,mustard
16,25,550,mustard
16,26,551,mustard
16,27,552,mustard
16,28,553,"cabbage, cauliflower, garlic, lentil"
16,29,554,"cabbage, cauliflower, garlic, lentil"
16,30,555,"lentil, blackgram, chickpea"
16,31,556,"lentil, blackgram, chickpea"
16,32,557,
16,33,558,
16,34,559,
16,35,560,
17,1,561,
17,2,562,
17,3,563,
17,4,564,
17,5,565,
17,6,566,
17,7,567,
17,8,568,"chickpea, groundnut, mustard, potato"
17,9,569,"cabbage, cauliflower, garlic, lentil"
17,10,570,"rice, wheat, chickpea"
17,11,571,"garlic, lentil, okra"
17,12,572,"chickpea, groundnut, mustard, potato"
17,13,573,"chickpea, groundnut, mustard, potato"
17,14,574,"chickpea, groundnut, mustard, potato"
17,15,575,"chickpea, groundnut, mustard, potato"
17,16,576,"chickpea, groundnut, mustard, potato"
17,17,577,"chickpea, groundnut, mustard, potato"
17,18,578,mustard
17,19,579,"cabbage, cauliflower, garlic, lentil"
17,20,580,"cabbage, cauliflower, garlic, lentil"
17,21,581,"cabbage, cauliflower, garlic, lentil"
17,22,582,"cabbage, cauliflower, garlic, lentil"
17,23,583,"cabbage, cauliflower, garlic, lentil"
17,24,584,"cabbage, cauliflower, garlic, lentil"
17,25,585,"cabbage, cauliflower, garlic, lentil"
17,26,586,"cabbage, cauliflower, garlic, lentil"
17,27,587,"cabbage, cauliflower, garlic, lentil"
17,28,588,"cabbage, cauliflower, garlic, lentil"
17,29,589,"cabbage, cauliflower, garlic, lentil"
17,30,590,"chickpea, groundnut, lentil"
17,31,591,"chickpea, groundnut, lentil"
17,32,592,"chickpea, groundnut, lentil"
17,33,593,
17,34,594,
17,35,595,
18,1,596,
18,2,597,
18,3,598,
18,4,599,
18,5,600,
18,6,601,
18,7,602,
18,8,603,"chickpea, groundnut, mustard, potato"
18,9,604,"chickpea, groundnut, mustard, potato"
18,10,605,"rice, wheat, chickpea"
18,11,606,"rice, wheat, chickpea"
18,12,607,"chickpea, groundnut, mustard, potato"
18,13,608,"chickpea, groundnut, mustard, potato"
18,14,609,"chickpea, groundnut, mustard, potato"
18,15,610,"chickpea, groundnut, mustard, potato"
18,16,611,"chickpea, groundnut, mustard, potato"
18,17,612,"chickpea, groundnut, mustard, potato"
18,18,613,"chickpea, groundnut, mustard, potato"
18,19,614,"cabbage, cauliflower, garlic, lentil"
18,20,615,"cabbage, cauliflower, garlic, lentil"
18,21,616,"cabbage, cauliflower, garlic, lentil"
18,22,617,"cabbage, cauliflower, garlic, lentil"
18,23,618,"cabbage, cauliflower, garlic, lentil"
18,24,619,"lentil, blackgram, chickpea"
18,25,620,"cabbage, cauliflower, garlic, lentil"
18,26,621,"cabbage, cauliflower, garlic, lentil"
18,27,622,"cabbage, cauliflower, garlic, lentil"
18,28,623,"chickpea, groundnut, mustard, potato"
18,29,624,
18,30,625,
18,31,626,
18,32,627,
18,33,628,
18,34,629,
18,35,630,
19,1,631,
19,2,632,
19,3,633,
19,4,634,
19,5,635,
19,6,636,
19,7,637,
19,8,638,mustard
19,9,639,mustard
19,10,640,mustard
19,11,641,garlic
19,12,642,mustard
19,13,643,mustard
19,14,644,mustard
19,15,645,mustard
19,16,646,mustard
19,17,647,mustard
19,18,648,mustard
19,19,649,mustard
19,20,650,"cabbage, cauliflower, garlic, lentil"
19,21,651,"cabbage, cauliflower, garlic, lentil"
19,22,652,"cabbage, cauliflower, garlic, lentil"
19,23,653,"cabbage, cauliflower, garlic, lentil"
19,24,654,"lentil, blackgram, chickpea"
19,25,655,"cabbage, cauliflower, garlic, lentil"
19,26,656,"cabbage, cauliflower, garlic, lentil"
19,27,657,"chickpea, groundnut, mustard, potato"
19,28,658,
19,29,659,
19,30,660,
19,31,661,
19,32,662,
19,33,663,
19,34,664,
19,35,665,
20,1,666,
20,2,667,
20,3,668,
20,4,669,
20,5,670,
20,6,671,
20,7,672,
20,8,673,"chickpea, groundnut, mustard, potato"
20,9,674,"chickpea, groundnut, mustard, potato"
20,10,675,"chickpea, groundnut, mustard, potato"
20,11,676,"rice, wheat, chickpea"
20,12,677,"rice, wheat, chickpea"
20,13,678,"chickpea, groundnut, mustard, potato"
20,14,679,"chickpea, groundnut, mustard, potato"
20,15,680,"chickpea, groundnut, mustard, potato"
20,16,681,"chickpea, groundnut, mustard, potato"
20,17,682,"chickpea, groundnut, mustard, potato"
20,18,683,"chickpea, groundnut, mustard, potato"
20,19,684,"chickpea, groundnut, mustard, potato"
20,20,685,"chickpea, groundnut, mustard, potato"
20,21,686,"chickpea, groundnut, mustard, potato"
20,22,687,"rice, wheat, chickpea"
20,23,688,"rice, wheat, chickpea"
20,24,689,"chickpea, groundnut"
20,25,690,"chickpea, groundnut"
20,26,691,"chickpea, groundnut"
20,27,692,
20,28,693,
20,29,694,
20,30,695,
20,31,696,
20,32,697,
20,33,698,
20,34,699,
20,35,700,
21,1,701,
21,2,702,
21,3,703,
21,4,704,
21,5,705,
21,6,706,
21,7,707,
21,8,708,"potato, cabbage, cauliflower, maize"
21,9,709,"chickpea, groundnut, mustard, potato"
21,10,710,"chickpea, groundnut, mustard, potato"
21,11,711,"rice, wheat, chickpea"
21,12,712,"chickpea, groundnut, mustard, potato"
21,13,713,"chickpea, groundnut, mustard, potato"
21,14,714,"chickpea, groundnut, mustard, potato"
21,15,715,"chickpea, groundnut, mustard, potato"
21,16,716,"chickpea, groundnut, mustard, potato"
21,17,717,"chickpea, groundnut, mustard, potato"
21,18,718,"chickpea, groundnut, mustard, potato"
21,19,719,"chickpea, groundnut, mustard, potato"
21,20,720,"chickpea, groundnut, mustard, potato"
21,21,721,"chickpea, groundnut, mustard, potato"
21,22,722,"rice, wheat, chickpea"
21,23,723,"rice, wheat, chickpea"
21,24,724,"rice, wheat, chickpea"
21,25,725,"rice, wheat, chickpea"
21,26,726,
21,27,727,
21,28,728,
21,29,729,
21,30,730,
21,31,731,
21,32,732,
21,33,733,
21,34,734,
21,35,735,
22,1,736,
22,2,737,
22,3,738,
22,4,739,
22,5,740,
22,6,741,
22,7,742,
22,8,743,"potato, cabbage, cauliflower, maize"
22,9,744,"potato, cabbage, cauliflower, maize"
22,10,745,"chickpea, groundnut, mustard, potato"
22,11,746,"chickpea, groundnut, mustard, potato"
22,12,747,"chickpea, groundnut, mustard, potato"
22,13,748,"chickpea, groundnut, mustard, potato"
22,14,749,"chickpea, groundnut, mustard, potato"
22,15,750,"chickpea, groundnut, mustard, potato"
22,16,751,"chickpea, groundnut, mustard, potato"
22,17,752,"chickpea, groundnut, mustard, potato"
22,18,753,"chickpea, groundnut, mustard, potato"
22,19,754,"chickpea, groundnut, mustard, potato"
22,20,755,"chickpea, groundnut, mustard, potato"
22,21,756,"rice, wheat, chickpea"
22,22,757,"garlic, lentil, okra"
22,23,758,"rice, wheat, chickpea"
22,24,759,"rice, wheat, chickpea"
22,25,760,
22,26,761,
22,27,762,
22,28,763,
22,29,764,
22,30,765,
22,31,766,
22,32,767,
22,33,768,
22,34,769,
22,35,770,
23,1,771,
23,2,772,
23,3,773,
23,4,774,
23,5,775,
23,6,776,
23,7,777,
23,8,778,"potato, cabbage, cauliflower, maize"
23,9,779,"potato, cabbage, cauliflower, maize"
23,10,780,"chickpea, groundnut, mustard, potato"
23,11,781,"chickpea, groundnut, mustard, potato"
23,12,782,"chickpea, groundnut, mustard, potato"
23,13,783,"chickpea, groundnut, mustard, potato"
23,14,784,"chickpea, groundnut, mustard, potato"
23,15,785,"chickpea, groundnut, mustard, potato"
23,16,786,"chickpea, groundnut, mustard, potato"
23,17,787,"chickpea, groundnut, mustard, potato"
23,18,788,"chickpea, groundnut, mustard, potato"
23,19,789,"chickpea, groundnut, mustard, potato"
23,20,790,"rice, wheat, chickpea"
23,21,791,"garlic, lentil, okra"
23,22,792,garlic
23,23,793,
23,24,794,
23,25,795,
23,26,796,
23,27,797,
23,28,798,
23,29,799,
23,30,800,
23,31,801,
23,32,802,
23,33,803,
23,34,804,
23,35,805,
24,1,806,
24,2,807,
24,3,808,
24,4,809,
24,5,810,
24,6,811,
24,7,812,
24,8,813,potato
24,9,814,potato
24,10,815,"chickpea, groundnut, mustard, potato"
24,11,816,"chickpea, groundnut, mustard, potato"
24,12,817,"chickpea, groundnut, mustard, potato"
24,13,818,"chickpea, groundnut, mustard, potato"
24,14,819,"chickpea, groundnut, mustard, potato"
24,15,820,"chickpea, groundnut, mustard, potato"
24,16,821,"chickpea, groundnut, mustard, potato"
24,17,822,"chickpea, groundnut, mustard, potato"
24,18,823,"cabbage, cauliflower, garlic, lentil"
24,19,824,"chickpea, groundnut, mustard, potato"
24,20,825,garlic
24,21,826,
24,22,827,
24,23,828,
24,24,829,
24,25,830,
24,26,831,
24,27,832,
24,28,833,
24,29,834,
24,30,835,
24,31,836,
24,32,837,
24,33,838,
24,34,839,
24,35,840,
25,1,841,
25,2,842,
25,3,843,"potato, cabbage, cauliflower, maize"
25,4,844,
25,5,845,
25,6,846,
25,7,847,
25,8,848,"potato, cabbage, cauliflower, maize"
25,9,849,"potato, cabbage, cauliflower, maize"
25,10,850,"chickpea, groundnut, mustard, potato"
25,11,851,"chickpea, groundnut, mustard, potato"
25,12,852,"chickpea, groundnut, mustard, potato"
25,13,853,"chickpea, groundnut, mustard, potato"
25,14,854,"chickpea, groundnut, mustard, potato"
25,15,855,"chickpea, groundnut, mustard, potato"
25,16,856,"chickpea, groundnut, mustard, potato"
25,17,857,"chickpea, groundnut, mustard, potato"
25,18,858,"cabbage, cauliflower, garlic, lentil"
25,19,859,"chickpea, groundnut, mustard, potato"
25,20,860,"rice, wheat, chickpea"
25,21,861,
25,22,862,
25,23,863,
25,24,864,
25,25,865,
25,26,866,
25,27,867,
25,28,868,
25,29,869,
25,30,870,
25,31,871,
25,32,872,
25,33,873,
25,34,874,
25,35,875,
26,1,876,
26,2,877,"potato, cabbage, cauliflower, maize"
26,3,878,"potato, cabbage, cauliflower, maize"
26,4,879,"potato, cabbage, cauliflower, maize"
26,5,880,
26,6,881,
26,7,882,"potato, cabbage, cauliflower, maize"
26,8,883,"potato, cabbage, cauliflower, maize"
26,9,884,"potato, cabbage, cauliflower, maize"
26,10,885,"potato, cabbage, cauliflower, maize"
26,11,886,"chickpea, groundnut, mustard, potato"
26,12,887,"potato, cabbage, cauliflower, maize"
26,13,888,"chickpea, groundnut, mustard, potato"
26,14,889,"chickpea, groundnut, mustard, potato"
26,15,890,"chickpea, groundnut, mustard, potato"
26,16,891,"chickpea, groundnut, mustard, potato"
26,17,892,"chickpea, groundnut, mustard, potato"
26,18,893,"chickpea, groundnut, mustard, potato"
26,19,894,"chickpea, groundnut, mustard, potato"
26,20,895,"rice, wheat, chickpea"
26,21,896,
26,22,897,
26,23,898,
26,24,899,
26,25,900,
26,26,901,
26,27,902,
26,28,903,
26,29,904,
26,30,905,
26,31,906,
26,32,907,
26,33,908,
26,34,909,
26,35,910,
27,1,911,
27,2,912,"potato, cabbage, cauliflower, maize"
27,3,913,"potato, cabbage, cauliflower, maize"
27,4,914,"potato, cabbage, cauliflower, maize"
27,5,915,"cabbage, cauliflower, sesame, blackgram"
27,6,916,"cabbage, cauliflower, sesame, blackgram"
27,7,917,"cabbage, cauliflower, sesame, blackgram"
27,8,918,"potato, cabbage, cauliflower, maize"
27,9,919,"potato, cabbage, cauliflower, maize"
27,10,920,"potato, cabbage, cauliflower, maize"
27,11,921,"potato, cabbage, cauliflower, maize"
27,12,922,"potato, cabbage, cauliflower, maize"
27,13,923,"potato, cabbage, cauliflower, maize"
27,14,924,"potato, cabbage, cauliflower, maize"
27,15,925,"chickpea, groundnut, mustard, potato"
27,16,926,"chickpea, groundnut, mustard, potato"
27,17,927,"chickpea, groundnut, mustard, potato"
27,18,928,"chickpea, groundnut, mustard, potato"
27,19,929,"rice, wheat, chickpea"
27,20,930,garlic
27,21,931,
27,22,932,
27,23,933,
27,24,934,
27,25,935,
27,26,936,
27,27,937,
27,28,938,
27,29,939,
27,30,940,
27,31,941,
27,32,942,
27,33,943,
27,34,944,
27,35,945,
28,1,946,
28,2,947,"potato, cabbage, cauliflower, maize"
28,3,948,"potato, cabbage, cauliflower, maize"
28,4,949,"potato, cabbage, cauliflower, maize"
28,5,950,"cabbage, cauliflower, sesame, blackgram"
28,6,951,"cabbage, cauliflower, sesame, blackgram"
28,7,952,"blackgram, broccoli, cabbage, cauliflower"
28,8,953,"cabbage, cauliflower, sesame, blackgram"
28,9,954,"cabbage, cauliflower, sesame, blackgram"
28,10,955,"cabbage, cauliflower, sesame, blackgram"
28,11,956,"potato, cabbage, cauliflower, maize"
28,12,957,"potato, cabbage, cauliflower, maize"
28,13,958,"potato, cabbage, cauliflower, maize"
28,14,959,"chickpea, groundnut, mustard, potato"
28,15,960,"potato, cabbage, cauliflower, maize"
28,16,961,"rice, wheat, chickpea"
28,17,962,"maize, potato"
28,18,963,
28,19,964,
28,20,965,
28,21,966,
28,22,967,
28,23,968,
28,24,969,
28,25,970,
28,26,971,
28,27,972,
28,28,973,
28,29,974,
28,30,975,
28,31,976,
28,32,977,
28,33,978,
28,34,979,
28,35,980,
29,1,981,
29,2,982,
29,3,983,"potato, cabbage, cauliflower, maize"
29,4,984,"potato, cabbage, cauliflower, maize"
29,5,985,"potato, cabbage, cauliflower, maize"
29,6,986,"maize, potato, rice"
29,7,987,"blackgram, broccoli, cabbage, cauliflower"
29,8,988,"cabbage, cauliflower, sesame, blackgram"
29,9,989,"cabbage, cauliflower, sesame, blackgram"
29,10,990,"potato, cabbage, cauliflower, maize"
29,11,991,"potato, cabbage, cauliflower, maize"
29,12,992,"potato, cabbage, cauliflower, maize"
29,13,993,"potato, cabbage, cauliflower, maize"
29,14,994,"potato, cabbage, cauliflower, maize"
29,15,995,"potato, cabbage, cauliflower, maize"
29,16,996,"maize, potato, rice"
29,17,997,"maize, potato, rice"
29,18,998,
29,19,999,
29,20,1000,
29,21,1001,
29,22,1002,
29,23,1003,
29,24,1004,
29,25,1005,
29,26,1006,
29,27,1007,
29,28,1008,
29,29,1009,
29,30,1010,
29,31,1011,
29,32,1012,
29,33,1013,
29,34,1014,
29,35,1015,
30,1,1016,
30,2,1017,
30,3,1018,"potato, cabbage, cauliflower, maize"
30,4,1019,"potato, cabbage, cauliflower, maize"
30,5,1020,"potato, cabbage, cauliflower, maize"
30,6,1021,"cabbage, cauliflower, sesame, blackgram"
30,7,1022,"cabbage, cauliflower, sesame, blackgram"
30,8,1023,"cabbage, cauliflower, sesame, blackgram"
30,9,1024,"cabbage, cauliflower, sesame, blackgram"
30,10,1025,"potato, cabbage, cauliflower, maize"
30,11,1026,"maize, potato, rice"
30,12,1027,"blackgram, broccoli, cabbage, cauliflower"
30,13,1028,"blackgram, broccoli, cabbage, cauliflower"
30,14,1029,"blackgram, broccoli, cabbage, cauliflower"
30,15,1030,"blackgram, broccoli, cabbage, cauliflower"
30,16,1031,"maize, potato, rice"
30,17,1032,
30,18,1033,
30,19,1034,
30,20,1035,
30,21,1036,
30,22,1037,
30,23,1038,
30,24,1039,
30,25,1040,
30,26,1041,
30,27,1042,
30,28,1043,
30,29,1044,
30,30,1045,
30,31,1046,
30,32,1047,
30,33,1048,
30,34,1049,
30,35,1050,
31,1,1051,
31,2,1052,
31,3,1053,"cabbage, cauliflower, sesame, blackgram"
31,4,1054,"potato, cabbage, cauliflower, maize"
31,5,1055,"potato, cabbage, cauliflower, maize"
31,6,1056,"cabbage, cauliflower, sesame, blackgram"
31,7,1057,"cabbage, cauliflower, sesame, blackgram"
31,8,1058,"cabbage, cauliflower, sesame, blackgram"
31,9,1059,"cabbage, cauliflower, sesame, blackgram"
31,10,1060,"potato, cabbage, cauliflower, maize"
31,11,1061,"blackgram, broccoli, cabbage, cauliflower"
31,12,1062,"blackgram, broccoli, cabbage, cauliflower"
31,13,1063,"blackgram, broccoli, cabbage, cauliflower"
31,14,1064,"blackgram, broccoli, cabbage, cauliflower"
31,15,1065,"blackgram, broccoli, cabbage, cauliflower"
31,16,1066,
31,17,1067,
31,18,1068,
31,19,1069,
31,20,1070,
31,21,1071,
31,22,1072,
31,23,1073,
31,24,1074,
31,25,1075,
31,26,1076,
31,27,1077,
31,28,1078,
31,29,1079,
31,30,1080,
31,31,1081,
31,32,1082,
31,33,1083,
31,34,1084,
31,35,1085,
32,1,1086,
32,2,1087,
32,3,1088,"blackgram, broccoli, cabbage, cauliflower"
32,4,1089,"blackgram, broccoli, cabbage, cauliflower"
32,5,1090,"maize, potato, rice"
32,6,1091,"potato, cabbage, cauliflower, maize"
32,7,1092,"potato, cabbage, cauliflower, maize"
32,8,1093,"maize, potato, rice"
32,9,1094,"maize, potato, rice"
32,10,1095,"blackgram, broccoli, cabbage, cauliflower"
32,11,1096,"blackgram, broccoli, cabbage, cauliflower"
32,12,1097,"blackgram, broccoli, cabbage, cauliflower"
32,13,1098,"blackgram, broccoli, cabbage, cauliflower"
32,14,1099,"blackgram, broccoli, cabbage, cauliflower"
32,15,1100,
32,16,1101,
32,17,1102,
32,18,1103,
32,19,1104,
32,20,1105,
32,21,1106,
32,22,1107,
32,23,1108,
32,24,1109,
32,25,1110,
32,26,1111,
32,27,1112,
32,28,1113,
32,29,1114,
32,30,1115,
32,31,1116,
32,32,1117,
32,33,1118,
32,34,1119,
32,35,1120,
33,1,1121,
33,2,1122,"blackgram, broccoli, cabbage, cauliflower"
33,3,1123,"blackgram, broccoli, cabbage, cauliflower"
33,4,1124,"blackgram, broccoli, cabbage, cauliflower"
33,5,1125,"blackgram, broccoli, cabbage, cauliflower"
33,6,1126,"maize, potato, rice"
33,7,1127,"potato, cabbage, cauliflower, maize"
33,8,1128,"maize, potato, rice"
33,9,1129,"blackgram, broccoli, cabbage, cauliflower"
33,10,1130,"blackgram, broccoli, cabbage, cauliflower"
33,11,1131,"blackgram, broccoli, cabbage, cauliflower"
33,12,1132,"blackgram, broccoli, cabbage, cauliflower"
33,13,1133,"blackgram, broccoli, cabbage, cauliflower"
33,14,1134,"blackgram, broccoli, cabbage"
33,15,1135,
33,16,1136,
33,17,1137,
33,18,1138,
33,19,1139,
33,20,1140,
33,21,1141,
33,22,1142,
33,23,1143,
33,24,1144,
33,25,1145,
33,26,1146,
33,27,1147,
33,28,1148,
33,29,1149,
33,30,1150,
33,31,1151,
33,32,1152,
33,33,1153,
33,34,1154,
33,35,1155,
34,1,1156,
34,2,1157,
34,3,1158,"blackgram, broccoli, cabbage, cauliflower"
34,4,1159,"blackgram, broccoli, cabbage, cauliflower"
34,5,1160,"blackgram, broccoli, cabbage, cauliflower"
34,6,1161,"blackgram, broccoli, cabbage, cauliflower"
34,7,1162,"maize, potato, rice"
34,8,1163,"blackgram, broccoli, cabbage, cauliflower"
34,9,1164,"blackgram, broccoli, cabbage, cauliflower"
34,10,1165,"blackgram, broccoli, cabbage, cauliflower"
34,11,1166,"blackgram, broccoli, cabbage, cauliflower"
34,12,1167,"blackgram, broccoli, cabbage, cauliflower"
34,13,1168,"blackgram, broccoli, cabbage, cauliflower"
34,14,1169,
34,15,1170,
34,16,1171,
34,17,1172,
34,18,1173,
34,19,1174,
34,20,1175,
34,21,1176,
34,22,1177,
34,23,1178,
34,24,1179,
34,25,1180,
34,26,1181,
34,27,1182,
34,28,1183,
34,29,1184,
34,30,1185,
34,31,1186,
34,32,1187,
34,33,1188,
34,34,1189,
34,35,1190,
35,1,1191,
35,2,1192,
35,3,1193,"blackgram, broccoli, cabbage, cauliflower"
35,4,1194,"blackgram, broccoli, cabbage, cauliflower"
35,5,1195,"blackgram, broccoli, cabbage, cauliflower"
35,6,1196,"blackgram, broccoli, cabbage, cauliflower"
35,7,1197,"blackgram, broccoli, cabbage, cauliflower"
35,8,1198,"blackgram, broccoli, cabbage, cauliflower"
35,9,1199,"blackgram, broccoli, cabbage, cauliflower"
35,10,1200,"blackgram, broccoli, cabbage, cauliflower"
35,11,1201,"blackgram, broccoli, cabbage, cauliflower"
35,12,1202,"blackgram, broccoli, cabbage, cauliflower"
35,13,1203,
35,14,1204,
35,15,1205,
35,16,1206,
35,17,1207,
35,18,1208,
35,19,1209,
35,20,1210,
35,21,1211,
35,22,1212,
35,23,1213,
35,24,1214,
35,25,1215,
35,26,1216,
35,27,1217,
35,28,1218,
35,29,1219,
35,30,1220,
35,31,1221,
35,32,1222,
35,33,1223,
35,34,1224,
35,35,1225,
36,1,1226,
36,2,1227,
36,3,1228,
36,4,1229,"blackgram, broccoli, cabbage, cauliflower"
36,5,1230,"blackgram, broccoli, cabbage, cauliflower"
36,6,1231,"blackgram, broccoli, cabbage, cauliflower"
36,7,1232,"blackgram, broccoli, cabbage, cauliflower"
36,8,1233,"blackgram, broccoli, cabbage, cauliflower"
36,9,1234,"blackgram, broccoli, cabbage, cauliflower"
36,10,1235,"blackgram, broccoli, cabbage, cauliflower"
36,11,1236,"blackgram, broccoli, cabbage, cauliflower"
36,12,1237,
36,13,1238,
36,14,1239,
36,15,1240,
36,16,1241,
36,17,1242,
36,18,1243,
36,19,1244,
36,20,1245,
36,21,1246,
36,22,1247,
36,23,1248,
36,24,1249,
36,25,1250,
36,26,1251,
36,27,1252,
36,28,1253,
36,29,1254,
36,30,1255,
36,31,1256,
36,32,1257,
36,33,1258,
36,34,1259,
36,35,1260,
37,1,1261,
37,2,1262,
37,3,1263,
37,4,1264,
37,5,1265,"blackgram, broccoli, cabbage, cauliflower"
37,6,1266,"blackgram, broccoli, cabbage, cauliflower"
37,7,1267,"blackgram, broccoli, cabbage, cauliflower"
37,8,1268,"blackgram, broccoli, cabbage, cauliflower"
37,9,1269,"blackgram, broccoli, cabbage, cauliflower"
37,10,1270,"blackgram, broccoli, cabbage, cauliflower"
37,11,1271,"blackgram, broccoli, cabbage, cauliflower"
37,12,1272,
37,13,1273,
37,14,1274,
37,15,1275,
37,16,1276,
37,17,1277,
37,18,1278,
37,19,1279,
37,20,1280,
37,21,1281,
37,22,1282,
37,23,1283,
37,24,1284,
37,25,1285,
37,26,1286,
37,27,1287,
37,28,1288,
37,29,1289,
37,30,1290,
37,31,1291,
37,32,1292,
37,33,1293,
37,34,1294,
37,35,1295,
38,1,1296,
38,2,1297,
38,3,1298,
38,4,1299,
38,5,1300,
38,6,1301,"blackgram, broccoli, cabbage, cauliflower"
38,7,1302,"blackgram, broccoli, cabbage, cauliflower"
38,8,1303,"blackgram, broccoli, cabbage, cauliflower"
38,9,1304,
38,10,1305,
38,11,1306,
38,12,1307,
38,13,1308,
38,14,1309,
38,15,1310,
38,16,1311,
38,17,1312,
38,18,1313,
38,19,1314,
38,20,1315,
38,21,1316,
38,22,1317,
38,23,1318,
38,24,1319,
38,25,1320,
38,26,1321,
38,27,1322,
38,28,1323,
38,29,1324,
38,30,1325,
38,31,1326,
38,32,1327,
38,33,1328,
38,34,1329,
38,35,1330,
39,1,1331,
39,2,1332,
39,3,1333,
39,4,1334,
39,5,1335,
39,6,1336,
39,7,1337,
39,8,1338,
39,9,1339,
39,10,1340,
39,11,1341,
39,12,1342,
39,13,1343,
39,14,1344,
39,15,1345,
39,16,1346,
39,17,1347,
39,18,1348,
39,19,1349,
39,20,1350,
39,21,1351,
39,22,1352,
39,23,1353,
39,24,1354,
39,25,1355,
39,26,1356,
39,27,1357,
39,28,1358,
39,29,1359,
39,30,1360,
39,31,1361,
39,32,1362,
39,33,1363,
39,34,1364,
39,35,1365,
40,1,1366,
40,2,1367,
40,3,1368,
40,4,1369,
40,5,1370,
40,6,1371,
40,7,1372,
40,8,1373,
40,9,1374,
40,10,1375,
40,11,1376,
40,12,1377,
40,13,1378,
40,14,1379,
40,15,1380,
40,16,1381,
40,17,1382,
40,18,1383,
40,19,1384,
40,20,1385,
40,21,1386,
40,22,1387,
40,23,1388,
40,24,1389,
40,25,1390,
40,26,1391,
40,27,1392,
40,28,1393,
40,29,1394,
40,30,1395,
40,31,1396,
40,32,1397,
40,33,1398,
40,34,1399,
40,35,1400,
41,1,1401,
41,2,1402,
41,3,1403,
41,4,1404,
41,5,1405,
41,6,1406,
41,7,1407,
41,8,1408,
41,9,1409,
41,10,1410,
41,11,1411,
41,12,1412,
41,13,1413,
41,14,1414,
41,15,1415,
41,16,1416,
41,17,1417,
41,18,1418,
41,19,1419,
41,20,1420,
41,21,1421,
41,22,1422,
41,23,1423,
41,24,1424,
41,25,1425,
41,26,1426,
41,27,1427,
41,28,1428,
41,29,1429,
41,30,1430,
41,31,1431,
41,32,1432,
41,33,1433,
41,34,1434,
41,35,1435,
42,1,1436,
42,2,1437,
42,3,1438,
42,4,1439,
42,5,1440,
42,6,1441,
42,7,1442,
42,8,1443,
42,9,1444,
42,10,1445,
42,11,1446,
42,12,1447,
42,13,1448,
42,14,1449,
42,15,1450,
42,16,1451,
42,17,1452,
42,18,1453,
42,19,1454,
42,20,1455,
42,21,1456,
42,22,1457,
42,23,1458,
42,24,1459,
42,25,1460,
42,26,1461,
42,27,1462,
42,28,1463,
42,29,1464,
42,30,1465,
42,31,1466,
42,32,1467,
42,33,1468,
42,34,1469,
42,35,1470,
43,1,1471,
43,2,1472,
43,3,1473,
43,4,1474,
43,5,1475,
43,6,1476,
43,7,1477,
43,8,1478,
43,9,1479,
43,10,1480,
43,11,1481,
43,12,1482,
43,13,1483,
43,14,1484,
43,15,1485,
43,16,1486,
43,17,1487,
43,18,1488,
43,19,1489,
43,20,1490,
43,21,1491,
43,22,1492,
43,23,1493,
43,24,1494,
43,25,1495,
43,26,1496,
43,27,1497,
43,28,1498,
43,29,1499,
43,30,1500,
43,31,1501,
43,32,1502,
43,33,1503,
43,34,1504,
43,35,1505,
44,1,1506,
44,2,1507,
44,3,1508,
44,4,1509,
44,5,1510,
44,6,1511,
44,7,1512,
44,8,1513,
44,9,1514,
44,10,1515,
44,11,1516,
44,12,1517,
44,13,1518,
44,14,1519,
44,15,1520,
44,16,1521,
44,17,1522,
44,18,1523,
44,19,1524,
44,20,1525,
44,21,1526,
44,22,1527,
44,23,1528,
44,24,1529,
44,25,1530,
44,26,1531,
44,27,1532,
44,28,1533,
44,29,1534,
44,30,1535,
44,31,1536,
44,32,1537,
44,33,1538,
44,34,1539,
44,35,1540,
45,1,1541,
45,2,1542,
45,3,1543,
45,4,1544,
45,5,1545,
45,6,1546,
45,7,1547,
45,8,1548,
45,9,1549,
45,10,1550,
45,11,1551,
45,12,1552,
45,13,1553,
45,14,1554,
45,15,1555,
45,16,1556,
45,17,1557,
45,18,1558,
45,19,1559,
45,20,1560,
45,21,1561,
45,22,1562,
45,23,1563,
45,24,1564,
45,25,1565,
45,26,1566,
45,27,1567,
45,28,1568,
45,29,1569,
45,30,1570,
45,31,1571,
45,32,1572,
45,33,1573,
45,34,1574,
45,35,1575,
46,1,1576,
46,2,1577,
46,3,1578,
46,4,1579,
46,5,1580,
46,6,1581,
46,7,1582,
46,8,1583,
46,9,1584,
46,10,1585,
46,11,1586,
46,12,1587,
46,13,1588,
46,14,1589,
46,15,1590,
46,16,1591,
46,17,1592,
46,18,1593,
46,19,1594,
46,20,1595,
46,21,1596,
46,22,1597,
46,23,1598,
46,24,1599,
46,25,1600,
46,26,1601,
46,27,1602,
46,28,1603,
46,29,1604,
46,30,1605,
46,31,1606,
46,32,1607,
46,33,1608,
46,34,1609,
46,35,1610,
47,1,1611,
47,2,1612,
47,3,1613,
47,4,1614,
47,5,1615,
47,6,1616,
47,7,1617,
47,8,1618,
47,9,1619,
47,10,1620,
47,11,1621,
47,12,1622,
47,13,1623,
47,14,1624,
47,15,1625,
47,16,1626,
47,17,1627,
47,18,1628,
47,19,1629,
47,20,1630,
47,21,1631,
47,22,1632,
47,23,1633,
47,24,1634,
47,25,1635,
47,26,1636,
47,27,1637,
47,28,1638,
47,29,1639,
47,30,1640,
47,31,1641,
47,32,1642,
47,33,1643,
47,34,1644,
47,35,1645,
